{
  "model": "histogram_catboost_probability_ensemble",
  "weights": {
    "hist_gradient_boosting": 0.3,
    "catboost_d6": 0.1,
    "catboost_d7": 0.2,
    "catboost_d8": 0.4
  },
  "selection_metric": "validation ROC-AUC",
  "validation_metrics_at_0_5": {
    "roc_auc": 0.7015246984044221,
    "pr_auc": 0.6873682549805957,
    "accuracy": 0.64405,
    "precision": 0.6354732350659426,
    "recall": 0.6610511449611621,
    "f1": 0.6480098887515451
  },
  "decision_threshold": 0.35999999999999993,
  "test_metrics_at_0_5": {
    "roc_auc": 0.69485771978182,
    "pr_auc": 0.6825755745607531,
    "accuracy": 0.6392,
    "precision": 0.6326771653543307,
    "recall": 0.6485068603712671,
    "f1": 0.6404942208051017
  },
  "test_metrics_at_selected_threshold": {
    "roc_auc": 0.69485771978182,
    "pr_auc": 0.6825755745607531,
    "accuracy": 0.6008,
    "precision": 0.561105476673428,
    "recall": 0.8930589184826473,
    "f1": 0.689193397695422
  },
  "split_rows": {
    "train": 60000,
    "validation": 20000,
    "test": 20000
  }
}